year,admin,econ1,econ2,econ3,econ4,func1,func2,func3,program,program2,exp_type,transfer,approved,adjusted,executed
2006,101001 Staff of President of RA,4000 Running expenses,4100 Payment for labor,4110 Salaries and additional payments paid in drams,4111 Salaries and additional payments of employees,01 General public services,"0101 Legislative and executive bodies, public administration, financial and fiscal relations, foreign affairs","010101 Legislative and executive bodies, public administration",NULL,,1 Personnel,Excluding transfers,335071800,330723300,330723200
2006,101001 Staff of President of RA,4000 Running expenses,4100 Payment for labor,4110 Salaries and additional payments paid in drams,"4113 Civil, judicial and other public servants remuneration",01 General public services,"0101 Legislative and executive bodies, public administration, financial and fiscal relations, foreign affairs","010101 Legislative and executive bodies, public administration",NULL,,1 Personnel,Excluding transfers,10718200,10718200,10712800
2006,101001 Staff of President of RA,4000 Running expenses,4100 Payment for labor,4130 Actual social security payments,4131 Social security payments,01 General public services,"0101 Legislative and executive bodies, public administration, financial and fiscal relations, foreign affairs","010101 Legislative and executive bodies, public administration",NULL,,1 Personnel,Excluding transfers,63093400,57201200,57201200
2006,101002 National Assembly of RA,4000 Running expenses,4100 Payment for labor,4110 Salaries and additional payments paid in drams,4111 Salaries and additional payments of employees,01 General public services,"0101 Legislative and executive bodies, public administration, financial and fiscal relations, foreign affairs","010101 Legislative and executive bodies, public administration",NULL,,1 Personnel,Excluding transfers,953706100,977706100,977706100
2006,101002 National Assembly of RA,4000 Running expenses,4100 Payment for labor,4110 Salaries and additional payments paid in drams,"4113 Civil, judicial and other public servants remuneration",01 General public services,"0101 Legislative and executive bodies, public administration, financial and fiscal relations, foreign affairs","010101 Legislative and executive bodies, public administration",NULL,,1 Personnel,Excluding transfers,18368100,18368100,18368100
2006,101002 National Assembly of RA,4000 Running expenses,4100 Payment for labor,4130 Actual social security payments,4131 Social security payments,01 General public services,"0101 Legislative and executive bodies, public administration, financial and fiscal relations, foreign affairs","010101 Legislative and executive bodies, public administration",NULL,,1 Personnel,Excluding transfers,128794800,136294800,136294700
2006,101003 RA Government Staff,4000 Running expenses,4100 Payment for labor,4110 Salaries and additional payments paid in drams,4111 Salaries and additional payments of employees,01 General public services,"0101 Legislative and executive bodies, public administration, financial and fiscal relations, foreign affairs","010101 Legislative and executive bodies, public administration",NULL,,1 Personnel,Excluding transfers,340306700,340306700,340235000
2006,101003 RA Government Staff,4000 Running expenses,4100 Payment for labor,4110 Salaries and additional payments paid in drams,"4113 Civil, judicial and other public servants remuneration",01 General public services,"0101 Legislative and executive bodies, public administration, financial and fiscal relations, foreign affairs","010101 Legislative and executive bodies, public administration",NULL,,1 Personnel,Excluding transfers,12828900,12828900,12804900
2006,101003 RA Government Staff,4000 Running expenses,4100 Payment for labor,4130 Actual social security payments,4131 Social security payments,01 General public services,"0101 Legislative and executive bodies, public administration, financial and fiscal relations, foreign affairs","010101 Legislative and executive bodies, public administration",NULL,,1 Personnel,Excluding transfers,64549800,64549800,58371700
2006,102001 Constitutional Court of RA,4000 Running expenses,4100 Payment for labor,4110 Salaries and additional payments paid in drams,4111 Salaries and additional payments of employees,"03 Public order, security and judicial work",0303 Judicial work and legal protection,030301 Courts,NULL,,1 Personnel,Excluding transfers,140766300,140766300,140736400
2006,102001 Constitutional Court of RA,4000 Running expenses,4100 Payment for labor,4110 Salaries and additional payments paid in drams,4111 Salaries and additional payments of employees,11 Reserve funds not covered by main divisions,1101 Reserve fund of the Government and communities of RA,110101 Reserve fund of the Government of RA,NULL,,1 Personnel,Excluding transfers,0,10448800,10448000
2006,102001 Constitutional Court of RA,4000 Running expenses,4100 Payment for labor,4130 Actual social security payments,4131 Social security payments,"03 Public order, security and judicial work",0303 Judicial work and legal protection,030301 Courts,NULL,,1 Personnel,Excluding transfers,21126400,21126400,21125000
2006,102001 Constitutional Court of RA,4000 Running expenses,4100 Payment for labor,4130 Actual social security payments,4131 Social security payments,11 Reserve funds not covered by main divisions,1101 Reserve fund of the Government and communities of RA,110101 Reserve fund of the Government of RA,NULL,,1 Personnel,Excluding transfers,0,2047300,2035000
2006,102002 Judicial Department of RA,4000 Running expenses,4100 Payment for labor,4110 Salaries and additional payments paid in drams,4111 Salaries and additional payments of employees,"03 Public order, security and judicial work",0303 Judicial work and legal protection,030301 Courts,NULL,,1 Personnel,Excluding transfers,32425900,32425900,32425900
2006,102002 Judicial Department of RA,4000 Running expenses,4100 Payment for labor,4110 Salaries and additional payments paid in drams,4111 Salaries and additional payments of employees,"03 Public order, security and judicial work",0303 Judicial work and legal protection,030301 Courts,NULL,,1 Personnel,Excluding transfers,38175600,38175600,38175600
2006,102002 Judicial Department of RA,4000 Running expenses,4100 Payment for labor,4110 Salaries and additional payments paid in drams,4111 Salaries and additional payments of employees,"03 Public order, security and judicial work",0303 Judicial work and legal protection,030301 Courts,NULL,,1 Personnel,Excluding transfers,39380100,40700100,40693200
2006,102002 Judicial Department of RA,4000 Running expenses,4100 Payment for labor,4110 Salaries and additional payments paid in drams,4111 Salaries and additional payments of employees,"03 Public order, security and judicial work",0303 Judicial work and legal protection,030301 Courts,NULL,,1 Personnel,Excluding transfers,39985400,39985400,39910600
2006,102002 Judicial Department of RA,4000 Running expenses,4100 Payment for labor,4110 Salaries and additional payments paid in drams,4111 Salaries and additional payments of employees,"03 Public order, security and judicial work",0303 Judicial work and legal protection,030301 Courts,NULL,,1 Personnel,Excluding transfers,40215400,40215400,40215400
2006,102002 Judicial Department of RA,4000 Running expenses,4100 Payment for labor,4110 Salaries and additional payments paid in drams,4111 Salaries and additional payments of employees,"03 Public order, security and judicial work",0303 Judicial work and legal protection,030301 Courts,NULL,,1 Personnel,Excluding transfers,41749500,41579500,41578500
2006,102002 Judicial Department of RA,4000 Running expenses,4100 Payment for labor,4110 Salaries and additional payments paid in drams,4111 Salaries and additional payments of employees,"03 Public order, security and judicial work",0303 Judicial work and legal protection,030301 Courts,NULL,,1 Personnel,Excluding transfers,42256500,42065000,42063000
2006,102002 Judicial Department of RA,4000 Running expenses,4100 Payment for labor,4110 Salaries and additional payments paid in drams,4111 Salaries and additional payments of employees,"03 Public order, security and judicial work",0303 Judicial work and legal protection,030301 Courts,NULL,,1 Personnel,Excluding transfers,47622500,47622500,47622500
2006,102002 Judicial Department of RA,4000 Running expenses,4100 Payment for labor,4110 Salaries and additional payments paid in drams,4111 Salaries and additional payments of employees,"03 Public order, security and judicial work",0303 Judicial work and legal protection,030301 Courts,NULL,,1 Personnel,Excluding transfers,50520600,50520600,50520600
2006,102002 Judicial Department of RA,4000 Running expenses,4100 Payment for labor,4110 Salaries and additional payments paid in drams,4111 Salaries and additional payments of employees,"03 Public order, security and judicial work",0303 Judicial work and legal protection,030301 Courts,NULL,,1 Personnel,Excluding transfers,51807800,51807800,51807800
2006,102002 Judicial Department of RA,4000 Running expenses,4100 Payment for labor,4110 Salaries and additional payments paid in drams,4111 Salaries and additional payments of employees,"03 Public order, security and judicial work",0303 Judicial work and legal protection,030301 Courts,NULL,,1 Personnel,Excluding transfers,55583100,55583100,55583100
2006,102002 Judicial Department of RA,4000 Running expenses,4100 Payment for labor,4110 Salaries and additional payments paid in drams,4111 Salaries and additional payments of employees,"03 Public order, security and judicial work",0303 Judicial work and legal protection,030301 Courts,NULL,,1 Personnel,Excluding transfers,59510700,59510700,59482000
2006,102002 Judicial Department of RA,4000 Running expenses,4100 Payment for labor,4110 Salaries and additional payments paid in drams,4111 Salaries and additional payments of employees,"03 Public order, security and judicial work",0303 Judicial work and legal protection,030301 Courts,NULL,,1 Personnel,Excluding transfers,60512400,60512400,60512400
2006,102002 Judicial Department of RA,4000 Running expenses,4100 Payment for labor,4110 Salaries and additional payments paid in drams,4111 Salaries and additional payments of employees,"03 Public order, security and judicial work",0303 Judicial work and legal protection,030301 Courts,NULL,,1 Personnel,Excluding transfers,75601500,75601500,75601400
2006,102002 Judicial Department of RA,4000 Running expenses,4100 Payment for labor,4110 Salaries and additional payments paid in drams,4111 Salaries and additional payments of employees,"03 Public order, security and judicial work",0303 Judicial work and legal protection,030301 Courts,NULL,,1 Personnel,Excluding transfers,77404000,77904000,77903700
2006,102002 Judicial Department of RA,4000 Running expenses,4100 Payment for labor,4110 Salaries and additional payments paid in drams,4111 Salaries and additional payments of employees,"03 Public order, security and judicial work",0303 Judicial work and legal protection,030301 Courts,NULL,,1 Personnel,Excluding transfers,78589300,78589300,78567000
2006,102002 Judicial Department of RA,4000 Running expenses,4100 Payment for labor,4110 Salaries and additional payments paid in drams,4111 Salaries and additional payments of employees,"03 Public order, security and judicial work",0303 Judicial work and legal protection,030301 Courts,NULL,,1 Personnel,Excluding transfers,81602000,81602000,81591600
2006,102002 Judicial Department of RA,4000 Running expenses,4100 Payment for labor,4110 Salaries and additional payments paid in drams,4111 Salaries and additional payments of employees,"03 Public order, security and judicial work",0303 Judicial work and legal protection,030301 Courts,NULL,,1 Personnel,Excluding transfers,109313700,109313700,109313700
2006,102002 Judicial Department of RA,4000 Running expenses,4100 Payment for labor,4110 Salaries and additional payments paid in drams,4111 Salaries and additional payments of employees,"03 Public order, security and judicial work",0303 Judicial work and legal protection,030301 Courts,NULL,,1 Personnel,Excluding transfers,143349800,147698300,147657700
2006,102002 Judicial Department of RA,4000 Running expenses,4100 Payment for labor,4110 Salaries and additional payments paid in drams,4111 Salaries and additional payments of employees,"03 Public order, security and judicial work",0303 Judicial work and legal protection,030301 Courts,NULL,,1 Personnel,Excluding transfers,151859400,151859400,151859300
2006,102002 Judicial Department of RA,4000 Running expenses,4100 Payment for labor,4130 Actual social security payments,4131 Social security payments,"03 Public order, security and judicial work",0303 Judicial work and legal protection,030301 Courts,NULL,,1 Personnel,Excluding transfers,5237900,5237900,5237900
2006,102002 Judicial Department of RA,4000 Running expenses,4100 Payment for labor,4130 Actual social security payments,4131 Social security payments,"03 Public order, security and judicial work",0303 Judicial work and legal protection,030301 Courts,NULL,,1 Personnel,Excluding transfers,5445900,5445900,5445900
2006,102002 Judicial Department of RA,4000 Running expenses,4100 Payment for labor,4130 Actual social security payments,4131 Social security payments,"03 Public order, security and judicial work",0303 Judicial work and legal protection,030301 Courts,NULL,,1 Personnel,Excluding transfers,6003600,6069600,6051500
2006,102002 Judicial Department of RA,4000 Running expenses,4100 Payment for labor,4130 Actual social security payments,4131 Social security payments,"03 Public order, security and judicial work",0303 Judicial work and legal protection,030301 Courts,NULL,,1 Personnel,Excluding transfers,6165300,6356800,6356700
2006,102002 Judicial Department of RA,4000 Running expenses,4100 Payment for labor,4130 Actual social security payments,4131 Social security payments,"03 Public order, security and judicial work",0303 Judicial work and legal protection,030301 Courts,NULL,,1 Personnel,Excluding transfers,6738400,6908400,6884200
2006,102002 Judicial Department of RA,4000 Running expenses,4100 Payment for labor,4130 Actual social security payments,4131 Social security payments,"03 Public order, security and judicial work",0303 Judicial work and legal protection,030301 Courts,NULL,,1 Personnel,Excluding transfers,6769600,6769600,6472300
2006,102002 Judicial Department of RA,4000 Running expenses,4100 Payment for labor,4130 Actual social security payments,4131 Social security payments,"03 Public order, security and judicial work",0303 Judicial work and legal protection,030301 Courts,NULL,,1 Personnel,Excluding transfers,6828900,6828900,6270100
2006,102002 Judicial Department of RA,4000 Running expenses,4100 Payment for labor,4130 Actual social security payments,4131 Social security payments,"03 Public order, security and judicial work",0303 Judicial work and legal protection,030301 Courts,NULL,,1 Personnel,Excluding transfers,7451200,6551200,6551200
2006,102002 Judicial Department of RA,4000 Running expenses,4100 Payment for labor,4130 Actual social security payments,4131 Social security payments,"03 Public order, security and judicial work",0303 Judicial work and legal protection,030301 Courts,NULL,,1 Personnel,Excluding transfers,7558200,8258200,7921300
2006,102002 Judicial Department of RA,4000 Running expenses,4100 Payment for labor,4130 Actual social security payments,4131 Social security payments,"03 Public order, security and judicial work",0303 Judicial work and legal protection,030301 Courts,NULL,,1 Personnel,Excluding transfers,7760200,7760200,7630000
2006,102002 Judicial Department of RA,4000 Running expenses,4100 Payment for labor,4130 Actual social security payments,4131 Social security payments,"03 Public order, security and judicial work",0303 Judicial work and legal protection,030301 Courts,NULL,,1 Personnel,Excluding transfers,8914600,8914600,8537600
2006,102002 Judicial Department of RA,4000 Running expenses,4100 Payment for labor,4130 Actual social security payments,4131 Social security payments,"03 Public order, security and judicial work",0303 Judicial work and legal protection,030301 Courts,NULL,,1 Personnel,Excluding transfers,9142900,9142900,9142900
2006,102002 Judicial Department of RA,4000 Running expenses,4100 Payment for labor,4130 Actual social security payments,4131 Social security payments,"03 Public order, security and judicial work",0303 Judicial work and legal protection,030301 Courts,NULL,,1 Personnel,Excluding transfers,9639800,9639800,8824700
2006,102002 Judicial Department of RA,4000 Running expenses,4100 Payment for labor,4130 Actual social security payments,4131 Social security payments,"03 Public order, security and judicial work",0303 Judicial work and legal protection,030301 Courts,NULL,,1 Personnel,Excluding transfers,10233800,10233800,10046500
2006,102002 Judicial Department of RA,4000 Running expenses,4100 Payment for labor,4130 Actual social security payments,4131 Social security payments,"03 Public order, security and judicial work",0303 Judicial work and legal protection,030301 Courts,NULL,,1 Personnel,Excluding transfers,11795500,11295500,10660100
2006,102002 Judicial Department of RA,4000 Running expenses,4100 Payment for labor,4130 Actual social security payments,4131 Social security payments,"03 Public order, security and judicial work",0303 Judicial work and legal protection,030301 Courts,NULL,,1 Personnel,Excluding transfers,11867200,11867200,11398700
2006,102002 Judicial Department of RA,4000 Running expenses,4100 Payment for labor,4130 Actual social security payments,4131 Social security payments,"03 Public order, security and judicial work",0303 Judicial work and legal protection,030301 Courts,NULL,,1 Personnel,Excluding transfers,12198700,12386300,12386300
2006,102002 Judicial Department of RA,4000 Running expenses,4100 Payment for labor,4130 Actual social security payments,4131 Social security payments,"03 Public order, security and judicial work",0303 Judicial work and legal protection,030301 Courts,NULL,,1 Personnel,Excluding transfers,14482300,14482300,13537800
2006,102002 Judicial Department of RA,4000 Running expenses,4100 Payment for labor,4130 Actual social security payments,4131 Social security payments,"03 Public order, security and judicial work",0303 Judicial work and legal protection,030301 Courts,NULL,,1 Personnel,Excluding transfers,21717800,22610000,22000300
2006,102002 Judicial Department of RA,4000 Running expenses,4100 Payment for labor,4130 Actual social security payments,4131 Social security payments,"03 Public order, security and judicial work",0303 Judicial work and legal protection,030301 Courts,NULL,,1 Personnel,Excluding transfers,25022700,25022700,22276200
2006,103001 Office of Public Prosecutor of RA,4000 Running expenses,4100 Payment for labor,4110 Salaries and additional payments paid in drams,4111 Salaries and additional payments of employees,"03 Public order, security and judicial work",0304 Prosecutor's office,030401 Prosecutor's office,NULL,,1 Personnel,Excluding transfers,1230261300,1230261300,1230261300
2006,103001 Office of Public Prosecutor of RA,4000 Running expenses,4100 Payment for labor,4130 Actual social security payments,4131 Social security payments,"03 Public order, security and judicial work",0304 Prosecutor's office,030401 Prosecutor's office,NULL,,1 Personnel,Excluding transfers,155790200,155790200,155790200
2010,104001 Ministry of Territorial Administration of RA,4000 Running expenses,4200 Acquisition of services and goods,4230 Acquisition of other contractual services,4239 Other general services,09 Education,0901 Pre-school and general elementary education,090102 General elementary education,NULL,Financing for the exercise of powers delegated by the State to community heads in relation to inclusive education,2 Non-personnel recurrent,Intrabudgetary transfers (state delegated services),156870600,192614600,192614400
2010,104001 Ministry of Territorial Administration of RA,4000 Running expenses,4200 Acquisition of services and goods,4230 Acquisition of other contractual services,4239 Other general services,09 Education,0901 Pre-school and general elementary education,090102 General elementary education,NULL,Financing of the exercise of powers delegated by the State to community heads in relation to special education,2 Non-personnel recurrent,Intrabudgetary transfers (state delegated services),104964100,100860600,100860300
2010,104001 Ministry of Territorial Administration of RA,4000 Running expenses,4200 Acquisition of services and goods,4230 Acquisition of other contractual services,4239 Other general services,09 Education,0901 Pre-school and general elementary education,090102 General elementary education,NULL,Financing of the exercise of powers delegated by the State to community mayors in the area of general education,2 Non-personnel recurrent,Intrabudgetary transfers (state delegated services),4518736300,4793669300,4793663800
2010,104001 Ministry of Territorial Administration of RA,4000 Running expenses,4200 Acquisition of services and goods,4230 Acquisition of other contractual services,4239 Other general services,09 Education,0902 General secondary education,090201 General primary education,NULL,Financing for the exercise of powers delegated by the State to community heads in relation to evening education,2 Non-personnel recurrent,Intrabudgetary transfers (state delegated services),12431200,12431200,12431200
2010,104001 Ministry of Territorial Administration of RA,4000 Running expenses,4200 Acquisition of services and goods,4230 Acquisition of other contractual services,4239 Other general services,09 Education,0902 General secondary education,090201 General primary education,NULL,Financing for the exercise of powers delegated by the State to community heads in relation to inclusive education,2 Non-personnel recurrent,Intrabudgetary transfers (state delegated services),191112200,206089300,206026100
2010,104001 Ministry of Territorial Administration of RA,4000 Running expenses,4200 Acquisition of services and goods,4230 Acquisition of other contractual services,4239 Other general services,09 Education,0902 General secondary education,090201 General primary education,NULL,Financing of the exercise of powers delegated by the State to community heads in relation to special education,2 Non-personnel recurrent,Intrabudgetary transfers (state delegated services),171257100,171257100,170785500
2006,104002 Ministry of Healthcare of RA,4000 Running expenses,4100 Payment for labor,4110 Salaries and additional payments paid in drams,4111 Salaries and additional payments of employees,07 Healthcare,0706 Healthcare (not belonging to other classes),070602 Healthcare (not belonging to other classes),NULL,,1 Personnel,Excluding transfers,503060300,503060300,500672800
2006,104002 Ministry of Healthcare of RA,4000 Running expenses,4100 Payment for labor,4110 Salaries and additional payments paid in drams,"4113 Civil, judicial and other public servants remuneration",07 Healthcare,0706 Healthcare (not belonging to other classes),070602 Healthcare (not belonging to other classes),NULL,,1 Personnel,Excluding transfers,32812300,32812300,32812300
2006,104002 Ministry of Healthcare of RA,4000 Running expenses,4100 Payment for labor,4130 Actual social security payments,4131 Social security payments,07 Healthcare,0706 Healthcare (not belonging to other classes),070602 Healthcare (not belonging to other classes),NULL,,1 Personnel,Excluding transfers,107875500,107875500,96104400
2006,104003 Ministry of Justice of RA,4000 Running expenses,4100 Payment for labor,4110 Salaries and additional payments paid in drams,4111 Salaries and additional payments of employees,01 General public services,"0101 Legislative and executive bodies, public administration, financial and fiscal relations, foreign affairs","010101 Legislative and executive bodies, public administration",NULL,,1 Personnel,Excluding transfers,277661200,277661200,277661200
2006,104003 Ministry of Justice of RA,4000 Running expenses,4100 Payment for labor,4110 Salaries and additional payments paid in drams,4111 Salaries and additional payments of employees,"03 Public order, security and judicial work",0303 Judicial work and legal protection,030301 Courts,NULL,,1 Personnel,Excluding transfers,0,20743200,3222000
2006,104003 Ministry of Justice of RA,4000 Running expenses,4100 Payment for labor,4110 Salaries and additional payments paid in drams,4111 Salaries and additional payments of employees,"03 Public order, security and judicial work",0303 Judicial work and legal protection,030301 Courts,NULL,,1 Personnel,Excluding transfers,288477100,288477100,288473970
2006,104003 Ministry of Justice of RA,4000 Running expenses,4100 Payment for labor,4110 Salaries and additional payments paid in drams,4111 Salaries and additional payments of employees,"03 Public order, security and judicial work",0305 Places of detention,030501 Places of detention,NULL,,1 Personnel,Excluding transfers,947478100,987878100,987878100
2006,104003 Ministry of Justice of RA,4000 Running expenses,4100 Payment for labor,4110 Salaries and additional payments paid in drams,"4113 Civil, judicial and other public servants remuneration",01 General public services,"0101 Legislative and executive bodies, public administration, financial and fiscal relations, foreign affairs","010101 Legislative and executive bodies, public administration",NULL,,1 Personnel,Excluding transfers,16744100,16744100,16744100
2006,104003 Ministry of Justice of RA,4000 Running expenses,4100 Payment for labor,4130 Actual social security payments,4131 Social security payments,01 General public services,"0101 Legislative and executive bodies, public administration, financial and fiscal relations, foreign affairs","010101 Legislative and executive bodies, public administration",NULL,,1 Personnel,Excluding transfers,56308300,51840300,51840300
2006,104003 Ministry of Justice of RA,4000 Running expenses,4100 Payment for labor,4130 Actual social security payments,4131 Social security payments,"03 Public order, security and judicial work",0303 Judicial work and legal protection,030301 Courts,NULL,,1 Personnel,Excluding transfers,7143000,7143000,7115040
2006,104003 Ministry of Justice of RA,4000 Running expenses,4100 Payment for labor,4130 Actual social security payments,4131 Social security payments,"03 Public order, security and judicial work",0305 Places of detention,030501 Places of detention,NULL,,1 Personnel,Excluding transfers,30912000,20312000,20287900
2006,104004 Ministry of Economy of RA,4000 Running expenses,4100 Payment for labor,4110 Salaries and additional payments paid in drams,4111 Salaries and additional payments of employees,04 Economic relations,"0401 General economic, trade and labor relations",040101 General economic and trade relations,NULL,,1 Personnel,Excluding transfers,413848000,384148000,384146000
2006,104004 Ministry of Economy of RA,4000 Running expenses,4100 Payment for labor,4110 Salaries and additional payments paid in drams,"4113 Civil, judicial and other public servants remuneration",04 Economic relations,"0401 General economic, trade and labor relations",040101 General economic and trade relations,NULL,,1 Personnel,Excluding transfers,23999300,23999300,23999300
2006,104004 Ministry of Economy of RA,4000 Running expenses,4100 Payment for labor,4130 Actual social security payments,4131 Social security payments,04 Economic relations,"0401 General economic, trade and labor relations",040101 General economic and trade relations,NULL,,1 Personnel,Excluding transfers,83876300,79826300,71943600
2006,104005 Ministry of Foreign Affairs of RA,4000 Running expenses,4100 Payment for labor,4110 Salaries and additional payments paid in drams,4111 Salaries and additional payments of employees,01 General public services,"0101 Legislative and executive bodies, public administration, financial and fiscal relations, foreign affairs",010103 Foreign affairs,NULL,,1 Personnel,Excluding transfers,0,5500000,5400100
2006,104005 Ministry of Foreign Affairs of RA,4000 Running expenses,4100 Payment for labor,4110 Salaries and additional payments paid in drams,4111 Salaries and additional payments of employees,01 General public services,"0101 Legislative and executive bodies, public administration, financial and fiscal relations, foreign affairs",010103 Foreign affairs,NULL,,1 Personnel,Excluding transfers,359389000,359389000,359389000
2006,104005 Ministry of Foreign Affairs of RA,4000 Running expenses,4100 Payment for labor,4110 Salaries and additional payments paid in drams,"4113 Civil, judicial and other public servants remuneration",01 General public services,"0101 Legislative and executive bodies, public administration, financial and fiscal relations, foreign affairs",010103 Foreign affairs,NULL,,1 Personnel,Excluding transfers,2401600,2401600,2401600
2006,104005 Ministry of Foreign Affairs of RA,4000 Running expenses,4100 Payment for labor,4130 Actual social security payments,4131 Social security payments,01 General public services,"0101 Legislative and executive bodies, public administration, financial and fiscal relations, foreign affairs",010103 Foreign affairs,NULL,,1 Personnel,Excluding transfers,58472400,58472400,58471400
2010,104001 Ministry of Territorial Administration of RA,4000 Running expenses,4200 Acquisition of services and goods,4230 Acquisition of other contractual services,4239 Other general services,09 Education,0902 General secondary education,090201 General primary education,NULL,Financing of the exercise of powers delegated by the State to community mayors in the area of general education,2 Non-personnel recurrent,Intrabudgetary transfers (state delegated services),7192909600,6751044900,6751038100
2010,104001 Ministry of Territorial Administration of RA,4000 Running expenses,4200 Acquisition of services and goods,4230 Acquisition of other contractual services,4239 Other general services,09 Education,0902 General secondary education,090202 General secondary (complete) education,NULL,Financing for the exercise of powers delegated by the State to community heads in relation to evening education,2 Non-personnel recurrent,Intrabudgetary transfers (state delegated services),14152400,14152400,14152400
2010,104001 Ministry of Territorial Administration of RA,4000 Running expenses,4200 Acquisition of services and goods,4230 Acquisition of other contractual services,4239 Other general services,09 Education,0902 General secondary education,090202 General secondary (complete) education,NULL,Financing for the exercise of powers delegated by the State to community heads in relation to inclusive education,2 Non-personnel recurrent,Intrabudgetary transfers (state delegated services),15349700,10708900,9966300
2010,104001 Ministry of Territorial Administration of RA,4000 Running expenses,4200 Acquisition of services and goods,4230 Acquisition of other contractual services,4239 Other general services,09 Education,0902 General secondary education,090202 General secondary (complete) education,NULL,Financing of the exercise of powers delegated by the State to community mayors in the area of general education,2 Non-personnel recurrent,Intrabudgetary transfers (state delegated services),2722405900,2437727600,2437727500
2010,104001 Ministry of Territorial Administration of RA,4000 Running expenses,4200 Acquisition of services and goods,4230 Acquisition of other contractual services,4239 Other general services,09 Education,0903 Primary vocational and secondary vocational education,090301 Elementary vocational education,NULL,Financing for the exercise of powers delegated by the State to community heads in relation to primary technical (trades) education,2 Non-personnel recurrent,Intrabudgetary transfers (state delegated services),225826400,223840500,220368500
2010,104001 Ministry of Territorial Administration of RA,4000 Running expenses,4500 Subsidies,4510 Subsidies to public organizations,4511 Subsidies to public non-financial organizations,04 Economic relations,0405 Transport,040505 Pipelines and other transport,NULL,Financing of exercise of powers delegated by the State to community head in the area of organizing the operations of the Yerevan Metro,2 Non-personnel recurrent,Intrabudgetary transfers (state delegated services),1840000000,1840000000,1840000000
2010,104001 Ministry of Territorial Administration of RA,4000 Running expenses,4600 Grants,4650 Capital grants to other level of public sector,4657 Other capital grants,04 Economic relations,0405 Transport,040505 Pipelines and other transport,NULL,Financing of exercise of powers delegated by the State to community head in the area of organizing the operations of the Yerevan Metro,2 Non-personnel recurrent,Intrabudgetary transfers (state delegated services),500000000,500000000,500000000
2010,104001 Ministry of Territorial Administration of RA,4000 Running expenses,4700 Social allowances and pensions,4720 Social security allowances in monetary terms (from budget),"4727 Educational, cultural and sport allowances from budget",09 Education,0903 Primary vocational and secondary vocational education,090301 Elementary vocational education,NULL,Financing for the exercise of powers delegated by the State to community heads in relation to scholarships to students receiving primary technical (trades) education,2 Non-personnel recurrent,Intrabudgetary transfers (state delegated services),47988000,47262600,47151000
2006,104009 Ministry of Energy and Natural Resources of RA,4000 Running expenses,4100 Payment for labor,4110 Salaries and additional payments paid in drams,4111 Salaries and additional payments of employees,04 Economic relations,0403 Fuel and energy,040305 Electricity,NULL,,1 Personnel,Excluding transfers,0,18798000,18740000
2006,104009 Ministry of Energy and Natural Resources of RA,4000 Running expenses,4100 Payment for labor,4110 Salaries and additional payments paid in drams,4111 Salaries and additional payments of employees,04 Economic relations,0403 Fuel and energy,040305 Electricity,NULL,,1 Personnel,Excluding transfers,122872400,122872400,122872400
2006,104009 Ministry of Energy and Natural Resources of RA,4000 Running expenses,4100 Payment for labor,4110 Salaries and additional payments paid in drams,4111 Salaries and additional payments of employees,11 Reserve funds not covered by main divisions,1101 Reserve fund of the Government and communities of RA,110101 Reserve fund of the Government of RA,NULL,,1 Personnel,Excluding transfers,0,31362000,25258400
2006,104009 Ministry of Energy and Natural Resources of RA,4000 Running expenses,4100 Payment for labor,4110 Salaries and additional payments paid in drams,"4113 Civil, judicial and other public servants remuneration",04 Economic relations,0403 Fuel and energy,040305 Electricity,NULL,,1 Personnel,Excluding transfers,6397500,6397500,6397500
2006,104009 Ministry of Energy and Natural Resources of RA,4000 Running expenses,4100 Payment for labor,4130 Actual social security payments,4131 Social security payments,04 Economic relations,0403 Fuel and energy,040305 Electricity,NULL,,1 Personnel,Excluding transfers,0,3800000,3754600
2006,104009 Ministry of Energy and Natural Resources of RA,4000 Running expenses,4100 Payment for labor,4130 Actual social security payments,4131 Social security payments,04 Economic relations,0403 Fuel and energy,040305 Electricity,NULL,,1 Personnel,Excluding transfers,24184300,24184300,22986900
2006,104009 Ministry of Energy and Natural Resources of RA,4000 Running expenses,4100 Payment for labor,4130 Actual social security payments,4131 Social security payments,11 Reserve funds not covered by main divisions,1101 Reserve fund of the Government and communities of RA,110101 Reserve fund of the Government of RA,NULL,,1 Personnel,Excluding transfers,0,4921000,4921000
2006,104010 Ministry of Education and Science of RA,4000 Running expenses,4100 Payment for labor,4110 Salaries and additional payments paid in drams,4111 Salaries and additional payments of employees,09 Education,0908 Education (not belonging to other classes),090801 Education (not belonging to other classes),NULL,,1 Personnel,Excluding transfers,236486200,236486200,236485000
2006,104010 Ministry of Education and Science of RA,4000 Running expenses,4100 Payment for labor,4110 Salaries and additional payments paid in drams,"4113 Civil, judicial and other public servants remuneration",09 Education,0908 Education (not belonging to other classes),090801 Education (not belonging to other classes),NULL,,1 Personnel,Excluding transfers,11086200,11086200,11086200
2006,104010 Ministry of Education and Science of RA,4000 Running expenses,4100 Payment for labor,4130 Actual social security payments,4131 Social security payments,09 Education,0908 Education (not belonging to other classes),090801 Education (not belonging to other classes),NULL,,1 Personnel,Excluding transfers,48162000,48162000,40425800
2006,104011 Ministry of Culture of RA,4000 Running expenses,4100 Payment for labor,4110 Salaries and additional payments paid in drams,4111 Salaries and additional payments of employees,"08 Recreation, culture and religion","0806 Recreation, culture and religion (not belonging to other classes)","080601 Recreation, culture and religion (not belonging to other classes)",NULL,,1 Personnel,Excluding transfers,153033700,153033700,153033700
2006,104011 Ministry of Culture of RA,4000 Running expenses,4100 Payment for labor,4110 Salaries and additional payments paid in drams,"4113 Civil, judicial and other public servants remuneration","08 Recreation, culture and religion","0806 Recreation, culture and religion (not belonging to other classes)","080601 Recreation, culture and religion (not belonging to other classes)",NULL,,1 Personnel,Excluding transfers,8567600,8567600,8567600
2006,104011 Ministry of Culture of RA,4000 Running expenses,4100 Payment for labor,4130 Actual social security payments,4131 Social security payments,"08 Recreation, culture and religion","0806 Recreation, culture and religion (not belonging to other classes)","080601 Recreation, culture and religion (not belonging to other classes)",NULL,,1 Personnel,Excluding transfers,30362300,30362300,27792400
2006,104013 Ministry of Defense of RA,4000 Running expenses,4100 Payment for labor,4110 Salaries and additional payments paid in drams,4111 Salaries and additional payments of employees,09 Education,0904 Higher education,090401 Higher vocational education,NULL,,1 Personnel,Excluding transfers,0,530309200,530309200
2006,104013 Ministry of Defense of RA,4000 Running expenses,4100 Payment for labor,4110 Salaries and additional payments paid in drams,4111 Salaries and additional payments of employees,11 Reserve funds not covered by main divisions,1101 Reserve fund of the Government and communities of RA,110101 Reserve fund of the Government of RA,NULL,,1 Personnel,Excluding transfers,0,289023600,289023400
2006,104013 Ministry of Defense of RA,4000 Running expenses,4100 Payment for labor,4130 Actual social security payments,4131 Social security payments,09 Education,0904 Higher education,090401 Higher vocational education,NULL,,1 Personnel,Excluding transfers,0,26988000,26988000
2010,104016 Ministry of Labor and Social Affairs of RA,4000 Running expenses,4700 Social allowances and pensions,4720 Social security allowances in monetary terms (from budget),4729 Other allowances from budget,10 Social security,1009 Social security (not belonging to other classes),100901 Social security (not belonging to other classes),NULL,Financing of powers delegated by the State to municipality mayors in the area of organizing the activities of the social assistance services,2 Non-personnel recurrent,Intrabudgetary transfers (state delegated services),275385900,275385900,271350650
2010,104001 Ministry of Territorial Administration of RA,4000 Running expenses,4800 Other costs,"4860 Other costs, other","4861 Other costs, other",06 House-building and public utilities,0603 Water-supply,060301 Water-supply,NULL,WB-supported Yerevan Water Supply and Removal Project (power delegated by the State to the Yerevan Community head),2 Non-personnel recurrent,Intrabudgetary transfers (state delegated services),114647800,118992000,144902800
2010,104001 Ministry of Territorial Administration of RA,5000 Costs in the line of non-financial assets,5100 Fixed assets,5110 Buildings and edifices,5113 Capital reconstruction of buildings and edifices,06 House-building and public utilities,0603 Water-supply,060301 Water-supply,NULL,WB-supported Yerevan Water Supply and Removal Project (power delegated by the State to the Yerevan Community head),3 Capital,Intrabudgetary transfers (state delegated services),2224987400,2203540500,2021310600
2010,104001 Ministry of Territorial Administration of RA,5000 Costs in the line of non-financial assets,5100 Fixed assets,5120 Machinery and equipment,5129 Other machinery and equipment,04 Economic relations,0405 Transport,040505 Pipelines and other transport,NULL,EBRD-supported Yerevan Metro Reconstruction Project (power delegated to the Yerevan community head by the State),3 Capital,Intrabudgetary transfers (state delegated services),0,1157687000,1157686600
2010,104001 Ministry of Territorial Administration of RA,5000 Costs in the line of non-financial assets,5100 Fixed assets,5120 Machinery and equipment,5129 Other machinery and equipment,06 House-building and public utilities,0603 Water-supply,060301 Water-supply,NULL,WB-supported Yerevan Water Supply and Removal Project (power delegated by the State to the Yerevan Community head),3 Capital,Intrabudgetary transfers (state delegated services),0,506300,4925200
2010,104001 Ministry of Territorial Administration of RA,5000 Costs in the line of non-financial assets,5100 Fixed assets,5130 Other fixed assets,5134 Design and survey costs,06 House-building and public utilities,0603 Water-supply,060301 Water-supply,NULL,WB-supported Yerevan Water Supply and Removal Project (power delegated by the State to the Yerevan Community head),3 Capital,Intrabudgetary transfers (state delegated services),0,3137400,31373900
2006,104018 Ministry of Transport and Communication of RA,4000 Running expenses,4100 Payment for labor,4110 Salaries and additional payments paid in drams,4111 Salaries and additional payments of employees,04 Economic relations,0409 Economic relations (not belonging to other classes),040901 Economic relations (not belonging to other classes),NULL,,1 Personnel,Excluding transfers,150530700,150530700,150515000
2006,104018 Ministry of Transport and Communication of RA,4000 Running expenses,4100 Payment for labor,4110 Salaries and additional payments paid in drams,"4113 Civil, judicial and other public servants remuneration",04 Economic relations,0409 Economic relations (not belonging to other classes),040901 Economic relations (not belonging to other classes),NULL,,1 Personnel,Excluding transfers,7900000,7900000,7900000
2006,104018 Ministry of Transport and Communication of RA,4000 Running expenses,4100 Payment for labor,4130 Actual social security payments,4131 Social security payments,04 Economic relations,0409 Economic relations (not belonging to other classes),040901 Economic relations (not belonging to other classes),NULL,,1 Personnel,Excluding transfers,29963300,29963300,26659900
2006,104020 Ministry of Urban Development of RA,4000 Running expenses,4100 Payment for labor,4110 Salaries and additional payments paid in drams,4111 Salaries and additional payments of employees,06 House-building and public utilities,0606 House-building and utilities (not belonging to other classes),060601 House-building and public utilities (not belonging to other classes),NULL,,1 Personnel,Excluding transfers,223214400,223214400,223214400
2006,104020 Ministry of Urban Development of RA,4000 Running expenses,4100 Payment for labor,4110 Salaries and additional payments paid in drams,4111 Salaries and additional payments of employees,11 Reserve funds not covered by main divisions,1101 Reserve fund of the Government and communities of RA,110101 Reserve fund of the Government of RA,NULL,,1 Personnel,Excluding transfers,0,1200000,1184000
2006,104020 Ministry of Urban Development of RA,4000 Running expenses,4100 Payment for labor,4110 Salaries and additional payments paid in drams,"4113 Civil, judicial and other public servants remuneration",06 House-building and public utilities,0606 House-building and utilities (not belonging to other classes),060601 House-building and public utilities (not belonging to other classes),NULL,,1 Personnel,Excluding transfers,13000500,13000500,13000500
2006,104020 Ministry of Urban Development of RA,4000 Running expenses,4100 Payment for labor,4130 Actual social security payments,4131 Social security payments,06 House-building and public utilities,0606 House-building and utilities (not belonging to other classes),060601 House-building and public utilities (not belonging to other classes),NULL,,1 Personnel,Excluding transfers,45426000,45426000,41764400
2006,104020 Ministry of Urban Development of RA,4000 Running expenses,4100 Payment for labor,4130 Actual social security payments,4131 Social security payments,11 Reserve funds not covered by main divisions,1101 Reserve fund of the Government and communities of RA,110101 Reserve fund of the Government of RA,NULL,,1 Personnel,Excluding transfers,0,260000,241600
2011,104001 Ministry of Territorial Administration of RA,4000 Running expenses,4200 Acquisition of services and goods,4230 Acquisition of other contractual services,4239 Other general services,09 Education,0901 Pre-school and general elementary education,090102 General elementary education,NULL,Financing for the exercise of powers delegated by the State to community heads in relation to inclusive education,2 Non-personnel recurrent,Intrabudgetary transfers (state delegated services),201403400,237545800,236395300
2011,104001 Ministry of Territorial Administration of RA,4000 Running expenses,4200 Acquisition of services and goods,4230 Acquisition of other contractual services,4239 Other general services,09 Education,0901 Pre-school and general elementary education,090102 General elementary education,NULL,Financing of the exercise of powers delegated by the State to community heads in relation to special education,2 Non-personnel recurrent,Intrabudgetary transfers (state delegated services),111581900,111581900,104416900
2011,104001 Ministry of Territorial Administration of RA,4000 Running expenses,4200 Acquisition of services and goods,4230 Acquisition of other contractual services,4239 Other general services,09 Education,0901 Pre-school and general elementary education,090102 General elementary education,NULL,Financing of the exercise of powers delegated by the State to community mayors in the area of general education,2 Non-personnel recurrent,Intrabudgetary transfers (state delegated services),5144702300,5168474000,5167969200
2011,104001 Ministry of Territorial Administration of RA,4000 Running expenses,4200 Acquisition of services and goods,4230 Acquisition of other contractual services,4239 Other general services,09 Education,0902 General secondary education,090201 General primary education,NULL,Financing for the exercise of powers delegated by the State to community heads in relation to evening education,2 Non-personnel recurrent,Intrabudgetary transfers (state delegated services),12419900,12419900,12419900
2011,104001 Ministry of Territorial Administration of RA,4000 Running expenses,4200 Acquisition of services and goods,4230 Acquisition of other contractual services,4239 Other general services,09 Education,0902 General secondary education,090201 General primary education,NULL,Financing for the exercise of powers delegated by the State to community heads in relation to inclusive education,2 Non-personnel recurrent,Intrabudgetary transfers (state delegated services),172631500,186726900,185267900
2011,104001 Ministry of Territorial Administration of RA,4000 Running expenses,4200 Acquisition of services and goods,4230 Acquisition of other contractual services,4239 Other general services,09 Education,0902 General secondary education,090201 General primary education,NULL,Financing of the exercise of powers delegated by the State to community heads in relation to special education,2 Non-personnel recurrent,Intrabudgetary transfers (state delegated services),176590500,172902300,166118600
2011,104001 Ministry of Territorial Administration of RA,4000 Running expenses,4200 Acquisition of services and goods,4230 Acquisition of other contractual services,4239 Other general services,09 Education,0902 General secondary education,090201 General primary education,NULL,Financing of the exercise of powers delegated by the State to community mayors in the area of general education,2 Non-personnel recurrent,Intrabudgetary transfers (state delegated services),5262206100,5128073000,5128073000
2011,104001 Ministry of Territorial Administration of RA,4000 Running expenses,4200 Acquisition of services and goods,4230 Acquisition of other contractual services,4239 Other general services,09 Education,0902 General secondary education,090202 General secondary (complete) education,NULL,Financing for the exercise of powers delegated by the State to community heads in relation to evening education,2 Non-personnel recurrent,Intrabudgetary transfers (state delegated services),14360500,14360500,14360500
2011,104001 Ministry of Territorial Administration of RA,4000 Running expenses,4200 Acquisition of services and goods,4230 Acquisition of other contractual services,4239 Other general services,09 Education,0902 General secondary education,090202 General secondary (complete) education,NULL,Financing for the exercise of powers delegated by the State to community heads in relation to inclusive education,2 Non-personnel recurrent,Intrabudgetary transfers (state delegated services),4038200,4993000,4993000
2011,104001 Ministry of Territorial Administration of RA,4000 Running expenses,4200 Acquisition of services and goods,4230 Acquisition of other contractual services,4239 Other general services,09 Education,0902 General secondary education,090202 General secondary (complete) education,NULL,Financing of the exercise of powers delegated by the State to community heads in relation to special education,2 Non-personnel recurrent,Intrabudgetary transfers (state delegated services),13583900,17272100,17272100
2011,104001 Ministry of Territorial Administration of RA,4000 Running expenses,4200 Acquisition of services and goods,4230 Acquisition of other contractual services,4239 Other general services,09 Education,0902 General secondary education,090202 General secondary (complete) education,NULL,Financing of the exercise of powers delegated by the State to community mayors in the area of general education,2 Non-personnel recurrent,Intrabudgetary transfers (state delegated services),980750800,972943700,972943700
2011,104001 Ministry of Territorial Administration of RA,4000 Running expenses,4200 Acquisition of services and goods,4230 Acquisition of other contractual services,4239 Other general services,09 Education,0903 Primary vocational and secondary vocational education,090301 Elementary vocational education,NULL,Financing for the exercise of powers delegated by the State to community heads in relation to primary technical (trades) education,2 Non-personnel recurrent,Intrabudgetary transfers (state delegated services),242796400,227474200,226651300
2006,104022 Ministry of Sport and Youth Affairs of RA,4000 Running expenses,4100 Payment for labor,4110 Salaries and additional payments paid in drams,4111 Salaries and additional payments of employees,"08 Recreation, culture and religion","0806 Recreation, culture and religion (not belonging to other classes)","080601 Recreation, culture and religion (not belonging to other classes)",NULL,,1 Personnel,Excluding transfers,68332600,69532600,69495500
2006,104022 Ministry of Sport and Youth Affairs of RA,4000 Running expenses,4100 Payment for labor,4110 Salaries and additional payments paid in drams,"4113 Civil, judicial and other public servants remuneration","08 Recreation, culture and religion","0806 Recreation, culture and religion (not belonging to other classes)","080601 Recreation, culture and religion (not belonging to other classes)",NULL,,1 Personnel,Excluding transfers,3586300,3586300,3431600
2006,104022 Ministry of Sport and Youth Affairs of RA,4000 Running expenses,4100 Payment for labor,4130 Actual social security payments,4131 Social security payments,"08 Recreation, culture and religion","0806 Recreation, culture and religion (not belonging to other classes)","080601 Recreation, culture and religion (not belonging to other classes)",NULL,,1 Personnel,Excluding transfers,12689300,12904000,12896200
2006,105002 State Social Insurance Service of the Ministry of Labor and Social Affairs of RA,4000 Running expenses,4100 Payment for labor,4110 Salaries and additional payments paid in drams,4111 Salaries and additional payments of employees,10 Social security,1009 Social security (not belonging to other classes),100901 Social security (not belonging to other classes),NULL,,1 Personnel,Excluding transfers,943070400,965575000,961132300
2006,105002 State Social Insurance Service of the Ministry of Labor and Social Affairs of RA,4000 Running expenses,4100 Payment for labor,4110 Salaries and additional payments paid in drams,"4112 Bonuses, monetary incentives and special payments",10 Social security,1009 Social security (not belonging to other classes),100901 Social security (not belonging to other classes),NULL,,1 Personnel,Excluding transfers,14334600,14334600,14334600
2006,105002 State Social Insurance Service of the Ministry of Labor and Social Affairs of RA,4000 Running expenses,4100 Payment for labor,4110 Salaries and additional payments paid in drams,4115 Other remunerations,10 Social security,1009 Social security (not belonging to other classes),100901 Social security (not belonging to other classes),NULL,,1 Personnel,Excluding transfers,67487000,67487000,67486900
2006,105002 State Social Insurance Service of the Ministry of Labor and Social Affairs of RA,4000 Running expenses,4100 Payment for labor,4130 Actual social security payments,4131 Social security payments,10 Social security,1009 Social security (not belonging to other classes),100901 Social security (not belonging to other classes),NULL,,1 Personnel,Excluding transfers,186462400,179683800,176910200
2006,105003 National Statistics Service of RA,4000 Running expenses,4100 Payment for labor,4110 Salaries and additional payments paid in drams,4111 Salaries and additional payments of employees,01 General public services,0103 General services,010302 General programming and statistical services,NULL,,1 Personnel,Excluding transfers,116074800,116074800,114821400
2006,105003 National Statistics Service of RA,4000 Running expenses,4100 Payment for labor,4110 Salaries and additional payments paid in drams,4111 Salaries and additional payments of employees,01 General public services,0103 General services,010302 General programming and statistical services,NULL,,1 Personnel,Excluding transfers,302821400,302821400,302796100
2006,105003 National Statistics Service of RA,4000 Running expenses,4100 Payment for labor,4110 Salaries and additional payments paid in drams,"4113 Civil, judicial and other public servants remuneration",01 General public services,0103 General services,010302 General programming and statistical services,NULL,,1 Personnel,Excluding transfers,18003700,18003700,18003700
2006,105003 National Statistics Service of RA,4000 Running expenses,4100 Payment for labor,4130 Actual social security payments,4131 Social security payments,01 General public services,0103 General services,010302 General programming and statistical services,NULL,,1 Personnel,Excluding transfers,40902800,40902800,39195700
2006,105003 National Statistics Service of RA,4000 Running expenses,4100 Payment for labor,4130 Actual social security payments,4131 Social security payments,01 General public services,0103 General services,010302 General programming and statistical services,NULL,,1 Personnel,Excluding transfers,63726200,63726200,63043000
2006,105004 RA Public Services Regulatory Committee,4000 Running expenses,4100 Payment for labor,4110 Salaries and additional payments paid in drams,4111 Salaries and additional payments of employees,01 General public services,0106 General public services (not belonging to other classes),010601 General public services (not belonging to other classes),NULL,,1 Personnel,Excluding transfers,270972000,270972000,270972000
2006,105004 RA Public Services Regulatory Committee,4000 Running expenses,4100 Payment for labor,4130 Actual social security payments,4131 Social security payments,01 General public services,0106 General public services (not belonging to other classes),010601 General public services (not belonging to other classes),NULL,,1 Personnel,Excluding transfers,28500600,28500600,28500400
2006,105005 RA Central Election Commission,4000 Running expenses,4100 Payment for labor,4110 Salaries and additional payments paid in drams,4111 Salaries and additional payments of employees,01 General public services,0106 General public services (not belonging to other classes),010601 General public services (not belonging to other classes),NULL,,1 Personnel,Excluding transfers,96140400,101410400,101410400
2006,105005 RA Central Election Commission,4000 Running expenses,4100 Payment for labor,4110 Salaries and additional payments paid in drams,4111 Salaries and additional payments of employees,11 Reserve funds not covered by main divisions,1101 Reserve fund of the Government and communities of RA,110101 Reserve fund of the Government of RA,NULL,,1 Personnel,Excluding transfers,0,22236000,22146000
2006,105005 RA Central Election Commission,4000 Running expenses,4100 Payment for labor,4110 Salaries and additional payments paid in drams,"4113 Civil, judicial and other public servants remuneration",01 General public services,0106 General public services (not belonging to other classes),010601 General public services (not belonging to other classes),NULL,,1 Personnel,Excluding transfers,1282500,1282500,1282500
2006,105005 RA Central Election Commission,4000 Running expenses,4100 Payment for labor,4130 Actual social security payments,4131 Social security payments,01 General public services,0106 General public services (not belonging to other classes),010601 General public services (not belonging to other classes),NULL,,1 Personnel,Excluding transfers,22670800,23020800,20530500
2006,105005 RA Central Election Commission,4000 Running expenses,4100 Payment for labor,4130 Actual social security payments,4131 Social security payments,11 Reserve funds not covered by main divisions,1101 Reserve fund of the Government and communities of RA,110101 Reserve fund of the Government of RA,NULL,,1 Personnel,Excluding transfers,0,6305400,6279900
2006,105006 Securities Commission of RA,4000 Running expenses,4100 Payment for labor,4110 Salaries and additional payments paid in drams,4111 Salaries and additional payments of employees,11 Reserve funds not covered by main divisions,1101 Reserve fund of the Government and communities of RA,110101 Reserve fund of the Government of RA,NULL,,1 Personnel,Excluding transfers,0,15021100,15021100
2006,105006 Securities Commission of RA,4000 Running expenses,4100 Payment for labor,4110 Salaries and additional payments paid in drams,"4112 Bonuses, monetary incentives and special payments",11 Reserve funds not covered by main divisions,1101 Reserve fund of the Government and communities of RA,110101 Reserve fund of the Government of RA,NULL,,1 Personnel,Excluding transfers,0,6578000,6578000
2006,105006 Securities Commission of RA,4000 Running expenses,4100 Payment for labor,4130 Actual social security payments,4131 Social security payments,11 Reserve funds not covered by main divisions,1101 Reserve fund of the Government and communities of RA,110101 Reserve fund of the Government of RA,NULL,,1 Personnel,Excluding transfers,0,2883400,2746300
2006,105007 Civil Service Council of RA,4000 Running expenses,4100 Payment for labor,4110 Salaries and additional payments paid in drams,4111 Salaries and additional payments of employees,01 General public services,0103 General services,010301 General services in the line of staff /personnel/,NULL,,1 Personnel,Excluding transfers,33600000,33600000,32412000
2006,105007 Civil Service Council of RA,4000 Running expenses,4100 Payment for labor,4110 Salaries and additional payments paid in drams,4111 Salaries and additional payments of employees,01 General public services,0103 General services,010301 General services in the line of staff /personnel/,NULL,,1 Personnel,Excluding transfers,110840200,113512300,113512300
2006,105007 Civil Service Council of RA,4000 Running expenses,4100 Payment for labor,4110 Salaries and additional payments paid in drams,"4113 Civil, judicial and other public servants remuneration",01 General public services,0103 General services,010301 General services in the line of staff /personnel/,NULL,,1 Personnel,Excluding transfers,7287200,7287200,7287200
2006,105007 Civil Service Council of RA,4000 Running expenses,4100 Payment for labor,4130 Actual social security payments,4131 Social security payments,01 General public services,0103 General services,010301 General services in the line of staff /personnel/,NULL,,1 Personnel,Excluding transfers,8400000,8400000,6519800
2006,105007 Civil Service Council of RA,4000 Running expenses,4100 Payment for labor,4130 Actual social security payments,4131 Social security payments,01 General public services,0103 General services,010301 General services in the line of staff /personnel/,NULL,,1 Personnel,Excluding transfers,18435600,15763500,15762200
2006,105008 State Commission for the Protection of Economic Competition of RA,4000 Running expenses,4100 Payment for labor,4110 Salaries and additional payments paid in drams,4111 Salaries and additional payments of employees,04 Economic relations,"0401 General economic, trade and labor relations",040101 General economic and trade relations,NULL,,1 Personnel,Excluding transfers,116400000,116400000,116345600
2006,105008 State Commission for the Protection of Economic Competition of RA,4000 Running expenses,4100 Payment for labor,4110 Salaries and additional payments paid in drams,"4113 Civil, judicial and other public servants remuneration",04 Economic relations,"0401 General economic, trade and labor relations",040101 General economic and trade relations,NULL,,1 Personnel,Excluding transfers,3600000,3600000,3600000
2006,105008 State Commission for the Protection of Economic Competition of RA,4000 Running expenses,4100 Payment for labor,4130 Actual social security payments,4131 Social security payments,04 Economic relations,"0401 General economic, trade and labor relations",040101 General economic and trade relations,NULL,,1 Personnel,Excluding transfers,16836100,16836100,16836000
2006,105009 State Committee of the Real Estate Cadastre adjunct to the Government of RA,4000 Running expenses,4100 Payment for labor,4110 Salaries and additional payments paid in drams,4111 Salaries and additional payments of employees,01 General public services,0106 General public services (not belonging to other classes),010601 General public services (not belonging to other classes),NULL,,1 Personnel,Excluding transfers,789067800,786067800,737833400
2006,105009 State Committee of the Real Estate Cadastre adjunct to the Government of RA,4000 Running expenses,4100 Payment for labor,4110 Salaries and additional payments paid in drams,"4112 Bonuses, monetary incentives and special payments",01 General public services,0106 General public services (not belonging to other classes),010601 General public services (not belonging to other classes),NULL,,1 Personnel,Excluding transfers,256391000,256391000,225795300
2006,105009 State Committee of the Real Estate Cadastre adjunct to the Government of RA,4000 Running expenses,4100 Payment for labor,4130 Actual social security payments,4131 Social security payments,01 General public services,0106 General public services (not belonging to other classes),010601 General public services (not belonging to other classes),NULL,,1 Personnel,Excluding transfers,204857400,190601700,160315000
2006,105010 State Committee for Water Management of the Ministry of Territorial Administration of RA,4000 Running expenses,4100 Payment for labor,4110 Salaries and additional payments paid in drams,4111 Salaries and additional payments of employees,04 Economic relations,"0402 Agriculture, forestry, fishery and hunting",040204 Irrigation,NULL,,1 Personnel,Excluding transfers,6500000,6500000,1434500
2006,105010 State Committee for Water Management of the Ministry of Territorial Administration of RA,4000 Running expenses,4100 Payment for labor,4110 Salaries and additional payments paid in drams,4111 Salaries and additional payments of employees,04 Economic relations,"0402 Agriculture, forestry, fishery and hunting",040204 Irrigation,NULL,,1 Personnel,Excluding transfers,20735000,20735000,20735000
2006,105010 State Committee for Water Management of the Ministry of Territorial Administration of RA,4000 Running expenses,4100 Payment for labor,4110 Salaries and additional payments paid in drams,4111 Salaries and additional payments of employees,06 House-building and public utilities,0603 Water-supply,060301 Water-supply,NULL,,1 Personnel,Excluding transfers,61982600,61982600,61849300
2006,105010 State Committee for Water Management of the Ministry of Territorial Administration of RA,4000 Running expenses,4100 Payment for labor,4110 Salaries and additional payments paid in drams,"4113 Civil, judicial and other public servants remuneration",06 House-building and public utilities,0603 Water-supply,060301 Water-supply,NULL,,1 Personnel,Excluding transfers,2761000,2761000,2761000
2006,105010 State Committee for Water Management of the Ministry of Territorial Administration of RA,4000 Running expenses,4100 Payment for labor,4130 Actual social security payments,4131 Social security payments,04 Economic relations,"0402 Agriculture, forestry, fishery and hunting",040204 Irrigation,NULL,,1 Personnel,Excluding transfers,1228000,1228000,283200
2006,105010 State Committee for Water Management of the Ministry of Territorial Administration of RA,4000 Running expenses,4100 Payment for labor,4130 Actual social security payments,4131 Social security payments,04 Economic relations,"0402 Agriculture, forestry, fishery and hunting",040204 Irrigation,NULL,,1 Personnel,Excluding transfers,4208000,4208000,3597400
2006,105010 State Committee for Water Management of the Ministry of Territorial Administration of RA,4000 Running expenses,4100 Payment for labor,4130 Actual social security payments,4131 Social security payments,06 House-building and public utilities,0603 Water-supply,060301 Water-supply,NULL,,1 Personnel,Excluding transfers,11694700,11694700,11661800
2006,105012 National Commission for TV and Radio,4000 Running expenses,4100 Payment for labor,4110 Salaries and additional payments paid in drams,4111 Salaries and additional payments of employees,"08 Recreation, culture and religion",0803 Radio and TV programs broadcasting and publishing services,080301 TV and radio programs,NULL,,1 Personnel,Excluding transfers,62893000,62893000,62893000
2006,105012 National Commission for TV and Radio,4000 Running expenses,4100 Payment for labor,4110 Salaries and additional payments paid in drams,"4113 Civil, judicial and other public servants remuneration","08 Recreation, culture and religion",0803 Radio and TV programs broadcasting and publishing services,080301 TV and radio programs,NULL,,1 Personnel,Excluding transfers,4933500,4933500,4933500
2006,105012 National Commission for TV and Radio,4000 Running expenses,4100 Payment for labor,4130 Actual social security payments,4131 Social security payments,"08 Recreation, culture and religion",0803 Radio and TV programs broadcasting and publishing services,080301 TV and radio programs,NULL,,1 Personnel,Excluding transfers,9631200,9631200,9350400
2006,105013 State Revenue Committee adjunct to the Government of RA,4000 Running expenses,4100 Payment for labor,4110 Salaries and additional payments paid in drams,4111 Salaries and additional payments of employees,01 General public services,"0101 Legislative and executive bodies, public administration, financial and fiscal relations, foreign affairs",010102 Financial and fiscal relations,NULL,,1 Personnel,Excluding transfers,0,442993400,426798600
2006,105013 State Revenue Committee adjunct to the Government of RA,4000 Running expenses,4100 Payment for labor,4110 Salaries and additional payments paid in drams,4111 Salaries and additional payments of employees,01 General public services,"0101 Legislative and executive bodies, public administration, financial and fiscal relations, foreign affairs",010102 Financial and fiscal relations,NULL,,1 Personnel,Excluding transfers,0,1579450000,1502972500
2006,105013 State Revenue Committee adjunct to the Government of RA,4000 Running expenses,4100 Payment for labor,4110 Salaries and additional payments paid in drams,4111 Salaries and additional payments of employees,01 General public services,"0101 Legislative and executive bodies, public administration, financial and fiscal relations, foreign affairs",010102 Financial and fiscal relations,NULL,,1 Personnel,Excluding transfers,982069200,982069200,978806900
2006,105013 State Revenue Committee adjunct to the Government of RA,4000 Running expenses,4100 Payment for labor,4110 Salaries and additional payments paid in drams,4111 Salaries and additional payments of employees,01 General public services,"0101 Legislative and executive bodies, public administration, financial and fiscal relations, foreign affairs",010102 Financial and fiscal relations,NULL,,1 Personnel,Excluding transfers,4777450500,4777450500,4777315300
2006,105013 State Revenue Committee adjunct to the Government of RA,4000 Running expenses,4100 Payment for labor,4110 Salaries and additional payments paid in drams,"4113 Civil, judicial and other public servants remuneration",01 General public services,"0101 Legislative and executive bodies, public administration, financial and fiscal relations, foreign affairs",010102 Financial and fiscal relations,NULL,,1 Personnel,Excluding transfers,1973700,1973700,1973700
2006,105013 State Revenue Committee adjunct to the Government of RA,4000 Running expenses,4100 Payment for labor,4110 Salaries and additional payments paid in drams,"4113 Civil, judicial and other public servants remuneration",01 General public services,"0101 Legislative and executive bodies, public administration, financial and fiscal relations, foreign affairs",010102 Financial and fiscal relations,NULL,,1 Personnel,Excluding transfers,9580900,9580900,9580900
2006,105013 State Revenue Committee adjunct to the Government of RA,4000 Running expenses,4100 Payment for labor,4130 Actual social security payments,4131 Social security payments,01 General public services,"0101 Legislative and executive bodies, public administration, financial and fiscal relations, foreign affairs",010102 Financial and fiscal relations,NULL,,1 Personnel,Excluding transfers,0,43777800,21266100
2006,105013 State Revenue Committee adjunct to the Government of RA,4000 Running expenses,4100 Payment for labor,4130 Actual social security payments,4131 Social security payments,01 General public services,"0101 Legislative and executive bodies, public administration, financial and fiscal relations, foreign affairs",010102 Financial and fiscal relations,NULL,,1 Personnel,Excluding transfers,0,154190000,124937300
2006,105013 State Revenue Committee adjunct to the Government of RA,4000 Running expenses,4100 Payment for labor,4130 Actual social security payments,4131 Social security payments,01 General public services,"0101 Legislative and executive bodies, public administration, financial and fiscal relations, foreign affairs",010102 Financial and fiscal relations,NULL,,1 Personnel,Excluding transfers,131767300,131767300,128391000
2006,105013 State Revenue Committee adjunct to the Government of RA,4000 Running expenses,4100 Payment for labor,4130 Actual social security payments,4131 Social security payments,01 General public services,"0101 Legislative and executive bodies, public administration, financial and fiscal relations, foreign affairs",010102 Financial and fiscal relations,NULL,,1 Personnel,Excluding transfers,611451200,669051200,654721100
2006,105014 Armenian Rescue Service of the Ministry of Emergency Situations of RA,4000 Running expenses,4100 Payment for labor,4110 Salaries and additional payments paid in drams,4111 Salaries and additional payments of employees,"03 Public order, security and judicial work",0302 Rescue service,030201 Rescue service,NULL,,1 Personnel,Excluding transfers,0,288374200,193421700
2006,105014 Armenian Rescue Service of the Ministry of Emergency Situations of RA,4000 Running expenses,4100 Payment for labor,4110 Salaries and additional payments paid in drams,4111 Salaries and additional payments of employees,"03 Public order, security and judicial work",0302 Rescue service,030201 Rescue service,NULL,,1 Personnel,Excluding transfers,1617219400,1647219400,1646657500
2006,105014 Armenian Rescue Service of the Ministry of Emergency Situations of RA,4000 Running expenses,4100 Payment for labor,4130 Actual social security payments,4131 Social security payments,"03 Public order, security and judicial work",0302 Rescue service,030201 Rescue service,NULL,,1 Personnel,Excluding transfers,53844500,64844500,64844500
2006,105016 General Department of Civil Aviation adjunct to the Government of RA,4000 Running expenses,4100 Payment for labor,4110 Salaries and additional payments paid in drams,4111 Salaries and additional payments of employees,04 Economic relations,0405 Transport,040504 Air transport,NULL,,1 Personnel,Excluding transfers,0,11900000,2733500
2006,105016 General Department of Civil Aviation adjunct to the Government of RA,4000 Running expenses,4100 Payment for labor,4110 Salaries and additional payments paid in drams,4111 Salaries and additional payments of employees,04 Economic relations,0405 Transport,040504 Air transport,NULL,,1 Personnel,Excluding transfers,59578300,59578300,59578300
2006,105016 General Department of Civil Aviation adjunct to the Government of RA,4000 Running expenses,4100 Payment for labor,4110 Salaries and additional payments paid in drams,"4112 Bonuses, monetary incentives and special payments",04 Economic relations,0405 Transport,040504 Air transport,NULL,,1 Personnel,Excluding transfers,0,66963200,49905500
2006,105016 General Department of Civil Aviation adjunct to the Government of RA,4000 Running expenses,4100 Payment for labor,4110 Salaries and additional payments paid in drams,"4113 Civil, judicial and other public servants remuneration",04 Economic relations,0405 Transport,040504 Air transport,NULL,,1 Personnel,Excluding transfers,2282500,2282500,2282500
2006,105016 General Department of Civil Aviation adjunct to the Government of RA,4000 Running expenses,4100 Payment for labor,4130 Actual social security payments,4131 Social security payments,04 Economic relations,0405 Transport,040504 Air transport,NULL,,1 Personnel,Excluding transfers,0,11679900,4256800
2006,105016 General Department of Civil Aviation adjunct to the Government of RA,4000 Running expenses,4100 Payment for labor,4130 Actual social security payments,4131 Social security payments,04 Economic relations,0405 Transport,040504 Air transport,NULL,,1 Personnel,Excluding transfers,11476000,11476000,10288900
2006,105017 Public Protocol Service Agency of the Ministry of Foreign Affairs of RA,4000 Running expenses,4100 Payment for labor,4110 Salaries and additional payments paid in drams,4111 Salaries and additional payments of employees,01 General public services,"0101 Legislative and executive bodies, public administration, financial and fiscal relations, foreign affairs",010103 Foreign affairs,NULL,,1 Personnel,Excluding transfers,36388500,36388500,36388500
2006,105017 Public Protocol Service Agency of the Ministry of Foreign Affairs of RA,4000 Running expenses,4100 Payment for labor,4110 Salaries and additional payments paid in drams,"4113 Civil, judicial and other public servants remuneration",01 General public services,"0101 Legislative and executive bodies, public administration, financial and fiscal relations, foreign affairs",010103 Foreign affairs,NULL,,1 Personnel,Excluding transfers,175900,175900,175900
2006,105017 Public Protocol Service Agency of the Ministry of Foreign Affairs of RA,4000 Running expenses,4100 Payment for labor,4130 Actual social security payments,4131 Social security payments,01 General public services,"0101 Legislative and executive bodies, public administration, financial and fiscal relations, foreign affairs",010103 Foreign affairs,NULL,,1 Personnel,Excluding transfers,6246600,6246600,6246500
2006,105018 National Security Service adjunct to the Government of RA,4000 Running expenses,4100 Payment for labor,4110 Salaries and additional payments paid in drams,4111 Salaries and additional payments of employees,"03 Public order, security and judicial work",0301 Public order and security,030102 National Security,NULL,,1 Personnel,Excluding transfers,0,58900000,58900000
2006,105018 National Security Service adjunct to the Government of RA,4000 Running expenses,4100 Payment for labor,4110 Salaries and additional payments paid in drams,4111 Salaries and additional payments of employees,"03 Public order, security and judicial work",0301 Public order and security,030102 National Security,NULL,,1 Personnel,Excluding transfers,392520200,396182100,396182000
2006,105018 National Security Service adjunct to the Government of RA,4000 Running expenses,4100 Payment for labor,4110 Salaries and additional payments paid in drams,4111 Salaries and additional payments of employees,"03 Public order, security and judicial work",0301 Public order and security,030102 National Security,NULL,,1 Personnel,Excluding transfers,2993206600,2993206600,2993206600
2006,105018 National Security Service adjunct to the Government of RA,4000 Running expenses,4100 Payment for labor,4130 Actual social security payments,4131 Social security payments,"03 Public order, security and judicial work",0301 Public order and security,030102 National Security,NULL,,1 Personnel,Excluding transfers,4649200,3149200,3149200
2006,105018 National Security Service adjunct to the Government of RA,4000 Running expenses,4100 Payment for labor,4130 Actual social security payments,4131 Social security payments,"03 Public order, security and judicial work",0301 Public order and security,030102 National Security,NULL,,1 Personnel,Excluding transfers,26704400,26704400,26704400
2006,105019 Police adjunct to the Government of RA,4000 Running expenses,4100 Payment for labor,4110 Salaries and additional payments paid in drams,4111 Salaries and additional payments of employees,"03 Public order, security and judicial work",0301 Public order and security,030101 Police,NULL,,1 Personnel,Excluding transfers,0,2724136200,2724136200
2006,105019 Police adjunct to the Government of RA,4000 Running expenses,4100 Payment for labor,4110 Salaries and additional payments paid in drams,4111 Salaries and additional payments of employees,"03 Public order, security and judicial work",0301 Public order and security,030101 Police,NULL,,1 Personnel,Excluding transfers,7491180000,7842367600,7842367600
2006,105019 Police adjunct to the Government of RA,4000 Running expenses,4100 Payment for labor,4110 Salaries and additional payments paid in drams,4111 Salaries and additional payments of employees,09 Education,0904 Higher education,090401 Higher vocational education,NULL,,1 Personnel,Excluding transfers,182601000,171216000,171216000
2006,105019 Police adjunct to the Government of RA,4000 Running expenses,4100 Payment for labor,4130 Actual social security payments,4131 Social security payments,"03 Public order, security and judicial work",0301 Public order and security,030101 Police,NULL,,1 Personnel,Excluding transfers,0,198010000,182955300
2006,105019 Police adjunct to the Government of RA,4000 Running expenses,4100 Payment for labor,4130 Actual social security payments,4131 Social security payments,"03 Public order, security and judicial work",0301 Public order and security,030101 Police,NULL,,1 Personnel,Excluding transfers,160608000,176108000,176102000
2006,105019 Police adjunct to the Government of RA,4000 Running expenses,4100 Payment for labor,4130 Actual social security payments,4131 Social security payments,09 Education,0904 Higher education,090401 Higher vocational education,NULL,,1 Personnel,Excluding transfers,5988600,5920000,5920000
2006,105020 State Committee of the Real Estate Cadastre adjunct to the Government of RA,4000 Running expenses,4100 Payment for labor,4110 Salaries and additional payments paid in drams,4111 Salaries and additional payments of employees,01 General public services,0103 General services,010303 Other general services,NULL,,1 Personnel,Excluding transfers,118314100,118314100,118314100
2006,105020 State Committee of the Real Estate Cadastre adjunct to the Government of RA,4000 Running expenses,4100 Payment for labor,4110 Salaries and additional payments paid in drams,4111 Salaries and additional payments of employees,11 Reserve funds not covered by main divisions,1101 Reserve fund of the Government and communities of RA,110101 Reserve fund of the Government of RA,NULL,,1 Personnel,Excluding transfers,0,1201200,1165600
2006,105020 State Committee of the Real Estate Cadastre adjunct to the Government of RA,4000 Running expenses,4100 Payment for labor,4110 Salaries and additional payments paid in drams,"4113 Civil, judicial and other public servants remuneration",01 General public services,0103 General services,010303 Other general services,NULL,,1 Personnel,Excluding transfers,6301200,6301200,6301200
2006,105020 State Committee of the Real Estate Cadastre adjunct to the Government of RA,4000 Running expenses,4100 Payment for labor,4130 Actual social security payments,4131 Social security payments,01 General public services,0103 General services,010303 Other general services,NULL,,1 Personnel,Excluding transfers,24401900,24401900,21639000
2006,105020 State Committee of the Real Estate Cadastre adjunct to the Government of RA,4000 Running expenses,4100 Payment for labor,4130 Actual social security payments,4131 Social security payments,11 Reserve funds not covered by main divisions,1101 Reserve fund of the Government and communities of RA,110101 Reserve fund of the Government of RA,NULL,,1 Personnel,Excluding transfers,0,372200,305800
2006,105033 Council of Public TV and Radio Company of Armenia,4000 Running expenses,4100 Payment for labor,4110 Salaries and additional payments paid in drams,4111 Salaries and additional payments of employees,"08 Recreation, culture and religion",0803 Radio and TV programs broadcasting and publishing services,080301 TV and radio programs,NULL,,1 Personnel,Excluding transfers,49926900,49926900,49907400
2006,105033 Council of Public TV and Radio Company of Armenia,4000 Running expenses,4100 Payment for labor,4130 Actual social security payments,4131 Social security payments,"08 Recreation, culture and religion",0803 Radio and TV programs broadcasting and publishing services,080301 TV and radio programs,NULL,,1 Personnel,Excluding transfers,7379900,7379900,6766500
2006,105034 Control Chamber of RA,4000 Running expenses,4100 Payment for labor,4110 Salaries and additional payments paid in drams,4111 Salaries and additional payments of employees,01 General public services,"0101 Legislative and executive bodies, public administration, financial and fiscal relations, foreign affairs","010101 Legislative and executive bodies, public administration",NULL,,1 Personnel,Excluding transfers,102873600,102873600,102870200
2006,105034 Control Chamber of RA,4000 Running expenses,4100 Payment for labor,4130 Actual social security payments,4131 Social security payments,01 General public services,"0101 Legislative and executive bodies, public administration, financial and fiscal relations, foreign affairs","010101 Legislative and executive bodies, public administration",NULL,,1 Personnel,Excluding transfers,16843000,16843000,16627100
2006,105035 Staff of Human Rights Defender,4000 Running expenses,4100 Payment for labor,4110 Salaries and additional payments paid in drams,4111 Salaries and additional payments of employees,"03 Public order, security and judicial work",0303 Judicial work and legal protection,030302 Legal protection,NULL,,1 Personnel,Excluding transfers,0,172500,172500
2006,105035 Staff of Human Rights Defender,4000 Running expenses,4100 Payment for labor,4110 Salaries and additional payments paid in drams,4111 Salaries and additional payments of employees,"03 Public order, security and judicial work",0303 Judicial work and legal protection,030302 Legal protection,NULL,,1 Personnel,Excluding transfers,0,380000,380000
2006,105035 Staff of Human Rights Defender,4000 Running expenses,4100 Payment for labor,4110 Salaries and additional payments paid in drams,4111 Salaries and additional payments of employees,"03 Public order, security and judicial work",0303 Judicial work and legal protection,030302 Legal protection,NULL,,1 Personnel,Excluding transfers,49884800,50620300,50620300
2006,105035 Staff of Human Rights Defender,4000 Running expenses,4100 Payment for labor,4130 Actual social security payments,4131 Social security payments,"03 Public order, security and judicial work",0303 Judicial work and legal protection,030302 Legal protection,NULL,,1 Personnel,Excluding transfers,0,9100,9100
2006,105035 Staff of Human Rights Defender,4000 Running expenses,4100 Payment for labor,4130 Actual social security payments,4131 Social security payments,"03 Public order, security and judicial work",0303 Judicial work and legal protection,030302 Legal protection,NULL,,1 Personnel,Excluding transfers,0,20000,20000
2006,105035 Staff of Human Rights Defender,4000 Running expenses,4100 Payment for labor,4130 Actual social security payments,4131 Social security payments,"03 Public order, security and judicial work",0303 Judicial work and legal protection,030302 Legal protection,NULL,,1 Personnel,Excluding transfers,7814200,8514200,8287300
2006,106001 Yerevan Municipality,4000 Running expenses,4100 Payment for labor,4110 Salaries and additional payments paid in drams,4111 Salaries and additional payments of employees,01 General public services,"0101 Legislative and executive bodies, public administration, financial and fiscal relations, foreign affairs","010101 Legislative and executive bodies, public administration",NULL,,1 Personnel,Excluding transfers,254580700,254580700,254580500
2006,106001 Yerevan Municipality,4000 Running expenses,4100 Payment for labor,4110 Salaries and additional payments paid in drams,4111 Salaries and additional payments of employees,11 Reserve funds not covered by main divisions,1101 Reserve fund of the Government and communities of RA,110101 Reserve fund of the Government of RA,NULL,,1 Personnel,Excluding transfers,0,8452500,8452500
2006,106001 Yerevan Municipality,4000 Running expenses,4100 Payment for labor,4110 Salaries and additional payments paid in drams,"4113 Civil, judicial and other public servants remuneration",01 General public services,"0101 Legislative and executive bodies, public administration, financial and fiscal relations, foreign affairs","010101 Legislative and executive bodies, public administration",NULL,,1 Personnel,Excluding transfers,13478600,13478600,13478600
2006,106001 Yerevan Municipality,4000 Running expenses,4100 Payment for labor,4130 Actual social security payments,4131 Social security payments,01 General public services,"0101 Legislative and executive bodies, public administration, financial and fiscal relations, foreign affairs","010101 Legislative and executive bodies, public administration",NULL,,1 Personnel,Excluding transfers,51260900,51260900,48419500
2006,106001 Yerevan Municipality,4000 Running expenses,4100 Payment for labor,4130 Actual social security payments,4131 Social security payments,11 Reserve funds not covered by main divisions,1101 Reserve fund of the Government and communities of RA,110101 Reserve fund of the Government of RA,NULL,,1 Personnel,Excluding transfers,0,1761500,1761500
2011,104001 Ministry of Territorial Administration of RA,4000 Running expenses,4200 Acquisition of services and goods,4230 Acquisition of other contractual services,4239 Other general services,09 Education,0905 Education not classified by levels,090501 Extracurricular education,NULL,Financing of the exercise of powered delegated by the State to community head for organizing extra-school education at Hakob Kojoyan Educational Complex SNCO,2 Non-personnel recurrent,Intrabudgetary transfers (state delegated services),6474000,6474000,6474000
2011,104001 Ministry of Territorial Administration of RA,4000 Running expenses,4500 Subsidies,4510 Subsidies to public organizations,4511 Subsidies to public non-financial organizations,04 Economic relations,0405 Transport,040505 Pipelines and other transport,NULL,Financing of exercise of powers delegated by the State to community head in the area of organizing the operations of the Yerevan Metro,2 Non-personnel recurrent,Intrabudgetary transfers (state delegated services),1845000000,1845000000,1845000000
2011,104001 Ministry of Territorial Administration of RA,4000 Running expenses,4700 Social allowances and pensions,4720 Social security allowances in monetary terms (from budget),"4727 Educational, cultural and sport allowances from budget",09 Education,0903 Primary vocational and secondary vocational education,090301 Elementary vocational education,NULL,Financing for the exercise of powers delegated by the State to community heads in relation to scholarships to students receiving primary technical (trades) education,2 Non-personnel recurrent,Intrabudgetary transfers (state delegated services),50833800,46983600,46983600
2011,104016 Ministry of Labor and Social Affairs of RA,4000 Running expenses,4700 Social allowances and pensions,4720 Social security allowances in monetary terms (from budget),4729 Other allowances from budget,10 Social security,1009 Social security (not belonging to other classes),100901 Social security (not belonging to other classes),NULL,Financing of powers delegated by the State to municipality mayors in the area of organizing the activities of the social assistance services,2 Non-personnel recurrent,Intrabudgetary transfers (state delegated services),275385900,275385900,272036770
2011,104001 Ministry of Territorial Administration of RA,4000 Running expenses,4800 Other costs,"4860 Other costs, other","4861 Other costs, other",04 Economic relations,0405 Transport,040505 Pipelines and other transport,NULL,EBRD-supported Yerevan Metro Reconstruction Project (power delegated to the Yerevan community head by the State),2 Non-personnel recurrent,Intrabudgetary transfers (state delegated services),0,30233900,29470600
2011,104001 Ministry of Territorial Administration of RA,4000 Running expenses,4800 Other costs,"4860 Other costs, other","4861 Other costs, other",06 House-building and public utilities,0603 Water-supply,060301 Water-supply,NULL,French Government Grant Project of Technical Assistance to Yerevan Water and Wastewater Project (power delegated to the Yerevan community head by the State),2 Non-personnel recurrent,Intrabudgetary transfers (state delegated services),218324800,298123000,298122900
2011,104001 Ministry of Territorial Administration of RA,4000 Running expenses,4800 Other costs,"4860 Other costs, other","4861 Other costs, other",06 House-building and public utilities,0603 Water-supply,060301 Water-supply,NULL,WB-supported Yerevan Water Supply and Removal Project (power delegated by the State to the Yerevan Community head),2 Non-personnel recurrent,Intrabudgetary transfers (state delegated services),173620300,177585400,210683500
2011,104001 Ministry of Territorial Administration of RA,5000 Costs in the line of non-financial assets,5100 Fixed assets,5110 Buildings and edifices,5112 Construction of buildings and edifices,04 Economic relations,0405 Transport,040505 Pipelines and other transport,NULL,EU Neighborhood Investment Program-supported Yerevan Metro Rehabilitation Project - 2 (power delegated by the State to the Yerevan Community head),3 Capital,Intrabudgetary transfers (state delegated services),3279920100,3279920100,682450600
2011,104001 Ministry of Territorial Administration of RA,5000 Costs in the line of non-financial assets,5100 Fixed assets,5110 Buildings and edifices,5113 Capital reconstruction of buildings and edifices,06 House-building and public utilities,0603 Water-supply,060301 Water-supply,NULL,WB-supported Yerevan Water Supply and Removal Project (power delegated by the State to the Yerevan Community head),3 Capital,Intrabudgetary transfers (state delegated services),925736300,977212300,1275283700
2011,104001 Ministry of Territorial Administration of RA,5000 Costs in the line of non-financial assets,5100 Fixed assets,5120 Machinery and equipment,5129 Other machinery and equipment,04 Economic relations,0405 Transport,040505 Pipelines and other transport,NULL,EBRD-supported Yerevan Metro Reconstruction Project (power delegated to the Yerevan community head by the State),3 Capital,Intrabudgetary transfers (state delegated services),1476703300,1446469400,1598536200
2011,104001 Ministry of Territorial Administration of RA,5000 Costs in the line of non-financial assets,5100 Fixed assets,5120 Machinery and equipment,5129 Other machinery and equipment,04 Economic relations,0405 Transport,040505 Pipelines and other transport,NULL,EIB-supported Yerevan Metro Rehabilitation Project - 2 (power delegated by the State to the Yerevan Community head),3 Capital,Intrabudgetary transfers (state delegated services),3279920100,3279920100,682450600
2012,104001 Ministry of Territorial Administration of RA,4000 Running expenses,4200 Acquisition of services and goods,4230 Acquisition of other contractual services,4239 Other general services,09 Education,0901 Pre-school and general elementary education,090102 General elementary education,NULL,Financing for the exercise of powers delegated by the State to community heads in relation to inclusive education,2 Non-personnel recurrent,Intrabudgetary transfers (state delegated services),247327300,308627500,308499500
2012,104001 Ministry of Territorial Administration of RA,4000 Running expenses,4200 Acquisition of services and goods,4230 Acquisition of other contractual services,4239 Other general services,09 Education,0901 Pre-school and general elementary education,090102 General elementary education,NULL,Financing of the exercise of powers delegated by the State to community heads in relation to special education,2 Non-personnel recurrent,Intrabudgetary transfers (state delegated services),97076900,100307700,100307700
2012,104001 Ministry of Territorial Administration of RA,4000 Running expenses,4200 Acquisition of services and goods,4230 Acquisition of other contractual services,4239 Other general services,09 Education,0901 Pre-school and general elementary education,090102 General elementary education,NULL,Financing of the exercise of powers delegated by the State to community mayors in the area of general education,2 Non-personnel recurrent,Intrabudgetary transfers (state delegated services),4644690400,4582831300,4580939800
2012,104001 Ministry of Territorial Administration of RA,4000 Running expenses,4200 Acquisition of services and goods,4230 Acquisition of other contractual services,4239 Other general services,09 Education,0902 General secondary education,090201 General primary education,NULL,Financing for the exercise of powers delegated by the State to community heads in relation to evening education,2 Non-personnel recurrent,Intrabudgetary transfers (state delegated services),11237500,11237500,11237500
2012,104001 Ministry of Territorial Administration of RA,4000 Running expenses,4200 Acquisition of services and goods,4230 Acquisition of other contractual services,4239 Other general services,09 Education,0902 General secondary education,090201 General primary education,NULL,Financing for the exercise of powers delegated by the State to community heads in relation to inclusive education,2 Non-personnel recurrent,Intrabudgetary transfers (state delegated services),203446600,226877700,226617800
2012,104001 Ministry of Territorial Administration of RA,4000 Running expenses,4200 Acquisition of services and goods,4230 Acquisition of other contractual services,4239 Other general services,09 Education,0902 General secondary education,090201 General primary education,NULL,Financing of the exercise of powers delegated by the State to community heads in relation to special education,2 Non-personnel recurrent,Intrabudgetary transfers (state delegated services),175760400,172529600,164890800
2012,104001 Ministry of Territorial Administration of RA,4000 Running expenses,4200 Acquisition of services and goods,4230 Acquisition of other contractual services,4239 Other general services,09 Education,0902 General secondary education,090201 General primary education,NULL,Financing of the exercise of powers delegated by the State to community mayors in the area of general education,2 Non-personnel recurrent,Intrabudgetary transfers (state delegated services),5396106200,5366650300,5364412500
2012,104001 Ministry of Territorial Administration of RA,4000 Running expenses,4200 Acquisition of services and goods,4230 Acquisition of other contractual services,4239 Other general services,09 Education,0902 General secondary education,090202 General secondary (complete) education,NULL,Financing for the exercise of powers delegated by the State to community heads in relation to evening education,2 Non-personnel recurrent,Intrabudgetary transfers (state delegated services),15693800,16794300,16794300
2012,104001 Ministry of Territorial Administration of RA,4000 Running expenses,4200 Acquisition of services and goods,4230 Acquisition of other contractual services,4239 Other general services,09 Education,0902 General secondary education,090202 General secondary (complete) education,NULL,Financing for the exercise of powers delegated by the State to community heads in relation to inclusive education,2 Non-personnel recurrent,Intrabudgetary transfers (state delegated services),3490500,3036800,3001400
2012,104001 Ministry of Territorial Administration of RA,4000 Running expenses,4200 Acquisition of services and goods,4230 Acquisition of other contractual services,4239 Other general services,09 Education,0902 General secondary education,090202 General secondary (complete) education,NULL,Financing of the exercise of powers delegated by the State to community heads in relation to special education,2 Non-personnel recurrent,Intrabudgetary transfers (state delegated services),29634000,29634000,29525200
2012,104001 Ministry of Territorial Administration of RA,4000 Running expenses,4200 Acquisition of services and goods,4230 Acquisition of other contractual services,4239 Other general services,09 Education,0902 General secondary education,090202 General secondary (complete) education,NULL,Financing of the exercise of powers delegated by the State to community mayors in the area of general education,2 Non-personnel recurrent,Intrabudgetary transfers (state delegated services),796929200,787091200,785883300
2012,104001 Ministry of Territorial Administration of RA,4000 Running expenses,4200 Acquisition of services and goods,4230 Acquisition of other contractual services,4239 Other general services,09 Education,0905 Education not classified by levels,090501 Extracurricular education,NULL,Financing for the exercise of powers delegated by the State to community heads in relation to primary technical (trades) education,2 Non-personnel recurrent,Intrabudgetary transfers (state delegated services),6474000,6474000,6474000
2012,104001 Ministry of Territorial Administration of RA,4000 Running expenses,4500 Subsidies,4510 Subsidies to public organizations,4511 Subsidies to public non-financial organizations,04 Economic relations,0405 Transport,040505 Pipelines and other transport,NULL,Financing of exercise of powers delegated by the State to community head in the area of organizing the operations of the Yerevan Metro,2 Non-personnel recurrent,Intrabudgetary transfers (state delegated services),1567951100,1807951100,1807951100
2012,104001 Ministry of Territorial Administration of RA,4000 Running expenses,4600 Grants,4650 Capital grants to other level of public sector,4657 Other capital grants,04 Economic relations,0405 Transport,040505 Pipelines and other transport,NULL,Financing of exercise of powers delegated by the State to community head in the area of organizing the operations of the Yerevan Metro,2 Non-personnel recurrent,Intrabudgetary transfers (state delegated services),200000000,200000000,200000000
2012,104016 Ministry of Labor and Social Affairs of RA,4000 Running expenses,4700 Social allowances and pensions,4720 Social security allowances in monetary terms (from budget),4729 Other allowances from budget,10 Social security,1009 Social security (not belonging to other classes),100901 Social security (not belonging to other classes),NULL,Financing of powers delegated by the State to municipality mayors in the area of organizing the activities of the social assistance services,2 Non-personnel recurrent,Intrabudgetary transfers (state delegated services),275385900,275385900,270112640
2012,104001 Ministry of Territorial Administration of RA,4000 Running expenses,4800 Other costs,"4860 Other costs, other","4861 Other costs, other",04 Economic relations,0405 Transport,040501 Road transport,NULL,ADB-supported Urban Infrastructure and Sustainable Urban Development Project (power delegated by the State to the head of Yerevan Community),2 Non-personnel recurrent,Intrabudgetary transfers (state delegated services),1014968600,831578400,133596750
2012,104001 Ministry of Territorial Administration of RA,4000 Running expenses,4800 Other costs,"4860 Other costs, other","4861 Other costs, other",06 House-building and public utilities,0603 Water-supply,060301 Water-supply,NULL,Technical assistance to Yerevan water supply and water removal project supported by the Government of France (power delegated by the State to the Yerevan Community head),2 Non-personnel recurrent,Intrabudgetary transfers (state delegated services),458276300,389620900,46537360
2012,104001 Ministry of Territorial Administration of RA,4000 Running expenses,4800 Other costs,"4860 Other costs, other","4861 Other costs, other",06 House-building and public utilities,0603 Water-supply,060301 Water-supply,NULL,WB-supported Yerevan Water Supply and Removal Project (power delegated by the State to the Yerevan Community head),2 Non-personnel recurrent,Intrabudgetary transfers (state delegated services),8071800,8071800,612000
2012,104001 Ministry of Territorial Administration of RA,5000 Costs in the line of non-financial assets,5100 Fixed assets,5110 Buildings and edifices,5113 Capital reconstruction of buildings and edifices,06 House-building and public utilities,0603 Water-supply,060301 Water-supply,NULL,WB-supported Yerevan Water Supply and Removal Project (power delegated by the State to the Yerevan Community head),3 Capital,Intrabudgetary transfers (state delegated services),86099800,86099800,70482490
2012,104001 Ministry of Territorial Administration of RA,5000 Costs in the line of non-financial assets,5100 Fixed assets,5120 Machinery and equipment,5129 Other machinery and equipment,04 Economic relations,0405 Transport,040501 Road transport,NULL,ADB-supported Urban Infrastructure and Sustainable Urban Development Project (power delegated by the State to the head of Yerevan Community),3 Capital,Intrabudgetary transfers (state delegated services),322495000,265272000,15538720
2012,104001 Ministry of Territorial Administration of RA,5000 Costs in the line of non-financial assets,5100 Fixed assets,5120 Machinery and equipment,5129 Other machinery and equipment,04 Economic relations,0405 Transport,040505 Pipelines and other transport,NULL,EBRD-supported Yerevan Metro Rehabilitation Project - 2 (power delegated by the State to the Yerevan Community head),3 Capital,Intrabudgetary transfers (state delegated services),364294200,285010700,7346820
2012,104001 Ministry of Territorial Administration of RA,5000 Costs in the line of non-financial assets,5100 Fixed assets,5120 Machinery and equipment,5129 Other machinery and equipment,04 Economic relations,0405 Transport,040505 Pipelines and other transport,NULL,EIB-supported Yerevan Metro Rehabilitation Project - 2 (power delegated by the State to the Yerevan Community head),3 Capital,Intrabudgetary transfers (state delegated services),1994580200,1652848100,1453984040
2012,104001 Ministry of Territorial Administration of RA,5000 Costs in the line of non-financial assets,5100 Fixed assets,5120 Machinery and equipment,5129 Other machinery and equipment,04 Economic relations,0405 Transport,040505 Pipelines and other transport,NULL,EU Neighborhood Investment Program-supported Yerevan Metro Rehabilitation Project - 2 (power delegated by the State to the Yerevan Community head),3 Capital,Intrabudgetary transfers (state delegated services),1994580100,1652848000,1418455580
2012,104001 Ministry of Territorial Administration of RA,5000 Costs in the line of non-financial assets,5100 Fixed assets,5130 Other fixed assets,5134 Design and survey costs,06 House-building and public utilities,0603 Water-supply,060301 Water-supply,NULL,Technical assistance to Yerevan water supply and water removal project supported by the Government of France (power delegated by the State to the Yerevan Community head),3 Capital,Intrabudgetary transfers (state delegated services),0,356368200,74972600
2013,104001 Ministry of Territorial Administration of RA,4000 Running expenses,4200 Acquisition of services and goods,4230 Acquisition of other contractual services,4239 Other general services,09 Education,0901 Pre-school and general elementary education,090102 General elementary education,NULL,Financing for the exercise of powers delegated by the State to community heads in relation to inclusive education,2 Non-personnel recurrent,Intrabudgetary transfers (state delegated services),357479700,375228800,375166300
2013,104001 Ministry of Territorial Administration of RA,4000 Running expenses,4200 Acquisition of services and goods,4230 Acquisition of other contractual services,4239 Other general services,09 Education,0901 Pre-school and general elementary education,090102 General elementary education,NULL,Financing of the exercise of powers delegated by the State to community heads in relation to special education,2 Non-personnel recurrent,Intrabudgetary transfers (state delegated services),117030000,121688000,121688000
2013,104001 Ministry of Territorial Administration of RA,4000 Running expenses,4200 Acquisition of services and goods,4230 Acquisition of other contractual services,4239 Other general services,09 Education,0901 Pre-school and general elementary education,090102 General elementary education,NULL,Financing of the exercise of powers delegated by the State to community mayors in the area of general education,2 Non-personnel recurrent,Intrabudgetary transfers (state delegated services),5115808000,5024867500,5024867500
2013,104001 Ministry of Territorial Administration of RA,4000 Running expenses,4200 Acquisition of services and goods,4230 Acquisition of other contractual services,4239 Other general services,09 Education,0902 General secondary education,090201 General primary education,NULL,Financing for the exercise of powers delegated by the State to community heads in relation to evening education,2 Non-personnel recurrent,Intrabudgetary transfers (state delegated services),9108500,9108500,9108500
2013,104001 Ministry of Territorial Administration of RA,4000 Running expenses,4200 Acquisition of services and goods,4230 Acquisition of other contractual services,4239 Other general services,09 Education,0902 General secondary education,090201 General primary education,NULL,Financing for the exercise of powers delegated by the State to community heads in relation to inclusive education,2 Non-personnel recurrent,Intrabudgetary transfers (state delegated services),278263600,252212500,252200000
2013,104001 Ministry of Territorial Administration of RA,4000 Running expenses,4200 Acquisition of services and goods,4230 Acquisition of other contractual services,4239 Other general services,09 Education,0902 General secondary education,090201 General primary education,NULL,Financing of the exercise of powers delegated by the State to community heads in relation to special education,2 Non-personnel recurrent,Intrabudgetary transfers (state delegated services),163634800,151538900,151538900
2013,104001 Ministry of Territorial Administration of RA,4000 Running expenses,4200 Acquisition of services and goods,4230 Acquisition of other contractual services,4239 Other general services,09 Education,0902 General secondary education,090201 General primary education,NULL,Financing of the exercise of powers delegated by the State to community mayors in the area of general education,2 Non-personnel recurrent,Intrabudgetary transfers (state delegated services),5589335100,5572315300,5572315300
